-- © Group25 - Bases de Données 2022 : Projet 2

CREATE DATABASE group25;
USE group25;
CREATE TABLE Departement(
   NOM    VARCHAR(64) NOT NULL PRIMARY KEY
  ,BUDGET INTEGER 
);
INSERT INTO Departement(NOM,BUDGET) VALUES ('INF',50000);
INSERT INTO Departement(NOM,BUDGET) VALUES ('MATH',NULL);
INSERT INTO Departement(NOM,BUDGET) VALUES ('PHYS',120000);

CREATE TABLE Employe(
   NO              INTEGER  NOT NULL PRIMARY KEY 
  ,NOM             VARCHAR(64) NOT NULL
  ,NOM_DEPARTEMENT VARCHAR(64)
  ,NOM_FONCTION    VARCHAR(64)
);
INSERT INTO Employe(NO,NOM,NOM_DEPARTEMENT,NOM_FONCTION) VALUES (7777,'DEBRUYNE','INF','Chercheur');
INSERT INTO Employe(NO,NOM,NOM_DEPARTEMENT,NOM_FONCTION) VALUES (8105,'JANSSENS','MATH','Developpeur');
INSERT INTO Employe(NO,NOM,NOM_DEPARTEMENT,NOM_FONCTION) VALUES (8221,'SERNEELS','PHYS','Chercheur');
INSERT INTO Employe(NO,NOM,NOM_DEPARTEMENT,NOM_FONCTION) VALUES (8467,'VRANCKEN','INF','Developpeur');
INSERT INTO Employe(NO,NOM,NOM_DEPARTEMENT,NOM_FONCTION) VALUES (8823,'JANSSENS','PHYS','Chercheur');
INSERT INTO Employe(NO,NOM,NOM_DEPARTEMENT,NOM_FONCTION) VALUES (8829,'FLERACKER','PHYS','Assistant chercheur');
INSERT INTO Employe(NO,NOM,NOM_DEPARTEMENT,NOM_FONCTION) VALUES (8845,'THIENPONDT',NULL,NULL);

CREATE TABLE Fonction(
   NOM          VARCHAR(64) NOT NULL PRIMARY KEY
  ,TAUX_HORAIRE INTEGER  NOT NULL
);
INSERT INTO Fonction(NOM,TAUX_HORAIRE) VALUES ('Assistant chercheur',75);
INSERT INTO Fonction(NOM,TAUX_HORAIRE) VALUES ('Chercheur',100);
INSERT INTO Fonction(NOM,TAUX_HORAIRE) VALUES ('Developpeur',60);

CREATE TABLE Mots_Cles(
   ID int NOT NULL AUTO_INCREMENT PRIMARY KEY
  ,RAPPORT VARCHAR(64) NOT NULL
  ,MOT_CLE VARCHAR(64) NOT NULL
);
INSERT INTO Mots_Cles(RAPPORT,MOT_CLE) VALUES ('MED-STAT Development Report','C++');
INSERT INTO Mots_Cles(RAPPORT,MOT_CLE) VALUES ('MED-STAT Development Report','Matlab');
INSERT INTO Mots_Cles(RAPPORT,MOT_CLE) VALUES ('MED-STAT Experimental Results','Excel');
INSERT INTO Mots_Cles(RAPPORT,MOT_CLE) VALUES ('MED-STAT Experimental Results','Jupyter');
INSERT INTO Mots_Cles(RAPPORT,MOT_CLE) VALUES ('MED-STAT Experimental Results','Science');
INSERT INTO Mots_Cles(RAPPORT,MOT_CLE) VALUES ('STOCH: Implementation Report','Implementation');
INSERT INTO Mots_Cles(RAPPORT,MOT_CLE) VALUES ('STOCH: Implementation Report','Java');
INSERT INTO Mots_Cles(RAPPORT,MOT_CLE) VALUES ('STOCH: Implementation Report','Scheme');

CREATE TABLE Projet(
   NOM         VARCHAR(64) NOT NULL PRIMARY KEY
  ,DEPARTEMENT VARCHAR(64) NOT NULL
  ,DATE_DEBUT  DATE  NOT NULL
  ,CHEF        INTEGER  NOT NULL
  ,BUDGET      INTEGER
  ,COUT        INTEGER 
  ,DATE_FIN    DATE
  ,AVIS_EXPERT VARCHAR(10)
);
INSERT INTO Projet(NOM,DEPARTEMENT,DATE_DEBUT,CHEF,BUDGET,COUT,DATE_FIN,AVIS_EXPERT) VALUES ('DIDACT','INF','2022-01-01',8467,3000,3100,'2022-02-28',NULL);
INSERT INTO Projet(NOM,DEPARTEMENT,DATE_DEBUT,CHEF,BUDGET,COUT,DATE_FIN,AVIS_EXPERT) VALUES ('INF-SYST','INF','2021-09-01',8467,5500,5000,'2021-12-31',NULL);
INSERT INTO Projet(NOM,DEPARTEMENT,DATE_DEBUT,CHEF,BUDGET,COUT,DATE_FIN,AVIS_EXPERT) VALUES ('MED-STAT','MATH','2022-01-01',8105,2000,1000,'2022-02-28',NULL);
INSERT INTO Projet(NOM,DEPARTEMENT,DATE_DEBUT,CHEF,BUDGET,COUT,DATE_FIN,AVIS_EXPERT) VALUES ('STOCH','PHYS','2022-03-01',8105,4500,NULL,NULL,NULL);

CREATE TABLE Rapport(
   ID      INT NOT NULL AUTO_INCREMENT PRIMARY KEY
  ,EXPERT INTEGER  NOT NULL 
  ,PROJET  VARCHAR(64) NOT NULL
  ,TITRE   VARCHAR(64) NOT NULL
);
INSERT INTO Rapport(EXPERT,PROJET,TITRE) VALUES (8221,'MED-STAT','MED-STAT Experimental Results');
INSERT INTO Rapport(EXPERT,PROJET,TITRE) VALUES (8467,'MED-STAT','MED-STAT Development Report');
INSERT INTO Rapport(EXPERT,PROJET,TITRE) VALUES (8467,'STOCH','STOCH: Implementation Report');

CREATE TABLE Tache(
   ID      INT NOT NULL AUTO_INCREMENT PRIMARY KEY
  ,EMPLOYE INTEGER  NOT NULL 
  ,PROJET  VARCHAR(64) NOT NULL
  ,NB_HEURES INTEGER UNSIGNED
);
INSERT INTO Tache(EMPLOYE,PROJET,NB_HEURES) VALUES (8105,'INF-SYST','25');
INSERT INTO Tache(EMPLOYE,PROJET,NB_HEURES) VALUES (8221,'DIDACT','7');
INSERT INTO Tache(EMPLOYE,PROJET,NB_HEURES) VALUES (8221,'MED-STAT','1');
INSERT INTO Tache(EMPLOYE,PROJET,NB_HEURES) VALUES (8467,'MED-STAT','15');
INSERT INTO Tache(EMPLOYE,PROJET,NB_HEURES) VALUES (8467,'STOCH','10');
INSERT INTO Tache(EMPLOYE,PROJET,NB_HEURES) VALUES (8823,'INF-SYST','20');
INSERT INTO Tache(EMPLOYE,PROJET,NB_HEURES) VALUES (8829,'DIDACT','32');
INSERT INTO Tache(EMPLOYE,PROJET,NB_HEURES) VALUES (8829,'INF-SYST','20');
INSERT INTO Tache(EMPLOYE,PROJET,NB_HEURES) VALUES (8829,'STOCH',NULL);
INSERT INTO Tache(EMPLOYE,PROJET,NB_HEURES) VALUES (8845,'STOCH','3');